TDSFU Daily run: Thu Oct 23 19:28:18 UTC 2025 TDSFU
TDSFU Daily run: Fri Oct 24 04:33:14 UTC 2025 TDSFU
TDSFU Daily run: Sat Oct 25 04:32:28 UTC 2025 TDSFU
TDSFU Daily run: Sun Oct 26 04:32:49 UTC 2025 TDSFU
TDSFU Daily run: Mon Oct 27 04:41:06 UTC 2025 TDSFU
TDSFU Daily run: Tue Oct 28 04:34:24 UTC 2025 TDSFU
TDSFU Daily run: Wed Oct 29 04:39:28 UTC 2025 TDSFU
TDSFU Daily run: Thu Oct 30 04:34:09 UTC 2025 TDSFU
TDSFU Daily run: Fri Oct 31 04:36:07 UTC 2025 TDSFU
TDSFU Daily run: Sat Nov  1 04:32:00 UTC 2025 TDSFU
TDSFU Daily run: Sun Nov  2 04:34:38 UTC 2025 TDSFU
TDSFU Daily run: Mon Nov  3 04:40:30 UTC 2025 TDSFU
TDSFU Daily run: Tue Nov  4 04:34:28 UTC 2025 TDSFU
TDSFU Daily run: Wed Nov  5 04:35:17 UTC 2025 TDSFU
TDSFU Daily run: Thu Nov  6 04:39:44 UTC 2025 TDSFU
TDSFU Daily run: Fri Nov  7 04:34:55 UTC 2025 TDSFU
